d5185575-08a5-4fcb-8825-5781cb6dda8a;AMAZON;location_id
4c752b42-2e9c-40c9-8c6e-e963be0b6082;EBAY;location_id
8c497a57-297e-4d7d-b03d-9f4221ceadad;AMAZON;location_id
8fe92132-8eb0-42a7-bc29-5c12dacebe49;EBAY;location_id
72d47fc4-4562-4ebd-b204-8f0d12a27185;AMAZON;location_id
42bbe1e9-2068-4bea-8143-d3bab7ab55e1;EBAY;location_id
5e3f0d87-b0f5-4c1b-8b26-e6d9c4419ebc;EBAY;listing_price
3df724a0-aa63-436a-b7c9-b4206273cdaa;EBAY;location_id
0945c58a-e938-430c-8b40-68b1627583df;EBAY;location_id
66ece8d9-a6dd-4b48-97cb-49fa67c8a642;AMAZON;location_id
64e7e2a2-45a6-4e37-8fc8-4cf9f5719ada;AMAZON;location_id
25f00c95-9bc4-43d2-a8a4-4c1e289b1662;EBAY;location_id
f4f50d29-c511-4d85-974d-008bb8dc6f0f;EBAY;location_id
f34da2d1-2d9d-4151-9560-526b31906905;EBAY;location_id
e95a0fcf-101d-487a-bc8b-2b2124fdb590;EBAY;location_id
20c90ea9-db6b-48ed-b682-06e13b4531ae;AMAZON;location_id
514660c7-4660-4d04-bd94-6db448f2b10e;EBAY;location_id
1bdd8417-492f-4a8c-8c57-5cacde0ea3ab;EBAY;location_id
89f9c233-2e47-4c4c-b943-e5859b872beb;AMAZON;location_id
611f5cc3-a645-42ab-a0bd-b75187562baa;AMAZON;location_id
26dc18c4-3cbc-4764-8eca-3278a31367d9;AMAZON;location_id
768cf46f-ea6a-419a-9f67-43442decc9af;EBAY;location_id
07a7d0a8-838c-43ca-b374-eedb690e4548;EBAY;location_id
0c2e4d94-20ad-43a9-886c-81bf0a289005;EBAY;location_id
9bf6750d-2ee2-4f05-9f00-7d6879160ead;EBAY;location_id
62458084-1ad9-4e46-9870-f22da896b6c9;AMAZON;location_id
c42403a5-bda6-4338-ad5a-5dd7e21696e7;AMAZON;location_id
f64a9429-7d1a-4871-a0ef-07364385a87d;AMAZON;location_id
6b71ba42-f5cc-448a-b1dc-069023e6baf5;EBAY;location_id
7551c943-3c05-4998-a508-073a708cb75b;AMAZON;location_id
c65fbdf8-5db2-44c0-a648-ec925b559a6f;EBAY;location_id
5f8a34de-19f7-47dd-a17e-9e02a7879e5f;EBAY;location_id
f8b2cee4-0151-480b-b69a-897f69838a60;AMAZON;location_id
8a1bf192-8624-4360-b6ab-428ac71878f0;AMAZON;location_id
34f790d9-bd9a-4f1c-9792-1459793aeeb5;EBAY;location_id
a86610c1-0f35-4287-ad93-13ef3fadc30a;EBAY;location_id
abedc7ca-a897-4ab8-b8c6-ab88a821c610;EBAY;location_id
b734fda8-ebfe-4d82-bea0-b878116682a4;EBAY;location_id
1ce77e43-5745-45bd-a631-a2a94ff92c18;AMAZON;location_id
910078cd-fb97-4a88-b234-4bcb53c4382d;EBAY;location_id
b73559dc-e138-4721-9986-2d06352bbbc9;EBAY;location_id
568a937f-1074-45de-a690-6c0c858ab399;AMAZON;location_id
54bdb7b9-2a52-4680-9507-917f415ec23a;EBAY;location_id
acb7cbc3-dee8-4606-afb7-fba5709d27c1;EBAY;location_id
330dc66e-8eec-48c8-8258-210870a4b8be;EBAY;location_id
2a66fa49-6dad-47a2-9672-e1d05d4c0f85;AMAZON;location_id
b209c0b2-e829-46ca-b3cc-e18f3cb6663d;EBAY;location_id
4242c1a1-68e6-42a2-9378-1728c9c79b65;EBAY;location_id
aef1c18e-6ac5-4315-9fc9-8ddbd3d74bc9;AMAZON;location_id
0919d8a6-857f-4002-82f6-34b6b94e189c;AMAZON;location_id
0296bdb9-f533-4586-af98-5ade97954b30;AMAZON;location_id
dd0bc561-c5a9-4208-970e-930f1268074c;AMAZON;location_id
4a1bcd47-6264-4ae0-b777-f9803959145c;EBAY;location_id
c92545b2-7d0b-4895-8e25-9158dd1026f2;AMAZON;location_id
16b050ad-fa45-4da4-a645-e74f87c2566c;AMAZON;location_id
2799bb37-0423-4f49-b730-384fe19aab24;AMAZON;location_id
3ae5de25-df55-47fb-9d29-23277b46b8ff;AMAZON;location_id
5eaeca11-d310-4559-b0b7-82aac6e55df5;EBAY;location_id
9ac674a3-97dc-41b5-974f-a78763256f3a;EBAY;location_id
a94e6467-2e34-414b-8606-5e970a26d676;EBAY;location_id
c0c1fc9b-eba6-4af9-b642-605595cf6b9f;EBAY;location_id
2377c44b-c9d1-4a82-b9a6-69e64f1b7cc5;EBAY;location_id
8d6384ff-8a8d-48b7-bbfb-d16c312e667d;EBAY;location_id
82a2fdf8-e5bf-437b-a637-32d7a75f3c0f;AMAZON;location_id
8eb0dd0e-7add-4307-aa5b-bc3cc5a4cdc9;AMAZON;location_id
2a25efee-2a0a-421a-a817-ee8a5dc93c47;AMAZON;location_id
d967caf0-e8aa-4df4-9705-9a80a5bbc32e;AMAZON;location_id
3d817f7d-fa07-4d3d-8870-c4bf3da37693;AMAZON;location_id
e8b81fc0-f942-4ecd-ad17-f8ac301dfeb2;EBAY;location_id
56f68f89-5844-4ef6-a18d-647c67a352c6;AMAZON;location_id
913306e0-84b7-4062-832e-d1dfc337d5b8;EBAY;location_id
4d1f6321-1d6e-4f8b-a7a1-5f27b3cf1ae3;EBAY;location_id
3deb8235-12b5-4382-a31b-c1e281c07d78;EBAY;location_id
9ed0d07e-b4dd-493c-9b61-f92fe15a1557;EBAY;location_id
f99ba603-bbb1-4dc4-b1e2-40b180e15243;EBAY;location_id
753cd0ab-8af0-4b38-bfd2-bf2ec41e469e;AMAZON;location_id
4e7ea1c0-ee0b-441d-8e10-9b37ec93bd4f;AMAZON;location_id
78063eeb-de19-427b-b4e8-1d57a6b3f864;AMAZON;location_id
e728cb54-598c-4c70-aac4-eb6d7dfb9cd4;EBAY;location_id
b4f8068c-b39c-4d38-b0e9-0bbaeadf37ea;AMAZON;location_id
cf0386d1-6d48-4452-a5ef-46616db5a875;EBAY;location_id
536510e6-bebe-41b9-bafa-c35c31776b1b;AMAZON;listing_price
aed2b604-bcc0-49af-90ee-0b01cfaef03f;EBAY;location_id
9b563afb-d246-4272-be7a-845f8cd4cfd0;AMAZON;location_id
34ae331e-30d1-449d-aeb5-ce23422224c5;AMAZON;location_id
96e97b03-dec2-4579-9645-af0b940d894e;AMAZON;location_id
b5eb64db-7f2c-4d9d-91df-402847685d1b;AMAZON;location_id
6301cd53-1881-4564-936a-1a807c44aae9;AMAZON;location_id
fc7fc527-be80-41f1-9428-789b7dd6e637;AMAZON;location_id
5dba8ef0-5d42-4bb6-96fc-41b8e5e61f8b;AMAZON;location_id
44e9030f-f417-438d-a224-e92657cf32ce;EBAY;location_id
de874515-856f-4002-9aca-64e0b9c8c321;AMAZON;location_id
4a8d84c6-0af1-48c2-a786-771e53a7c915;AMAZON;location_id
2f0e19bf-0535-4d58-ab1d-fdf286944cbd;AMAZON;location_id
279ad7fd-066e-4c3d-8898-6662c1b6ce02;EBAY;location_id
0a047e73-5467-44df-9b5e-fd585e361fc7;EBAY;location_id
dbad9cbc-13ec-488e-9c9a-7745c420ea38;EBAY;location_id
17751803-e0ff-487a-a1f1-a8cb6c1210f8;AMAZON;location_id
90de1d38-b632-42e4-b6dd-3a0fbea3b732;AMAZON;location_id
0f3b7971-4658-49c0-9031-c21848f98209;EBAY;location_id
34005d23-2d93-44db-abab-ea6f96bfd54f;EBAY;location_id
de09fc96-a488-4bec-8f5f-362c1e57479e;AMAZON;location_id
d73e4657-01b2-41ff-8260-2e5cc487e4ec;AMAZON;location_id
74ceae67-5b31-4577-bd18-3642b22773a6;AMAZON;location_id
bb6387ee-ba5e-42eb-bee6-f8b4ff945a6e;AMAZON;location_id
87d0d56c-b3f6-4420-9587-db10b163506a;EBAY;location_id
15457e58-cea9-4c95-a3a0-10b8d6773195;AMAZON;location_id
e51f67d5-1181-40bf-8fe3-c41e629dafd4;EBAY;location_id
d4cfa7b2-1dbf-4b9b-8f3a-befb50ba0604;AMAZON;location_id
c36203d4-e8aa-43f6-93ec-0158265541ab;EBAY;location_id
2332fc9d-0a61-451f-b496-7ee8a05b0e6c;EBAY;location_id
13d7ec52-780b-4b19-811c-9f3d5bef8ebe;AMAZON;location_id
bd962c95-5c77-48cf-bb7a-24189eed3569;EBAY;listing_status
ed21a904-0bc1-4412-9cd2-d4a4b408b38c;AMAZON;location_id
31482d51-78b0-4b97-b582-56deb55222ba;AMAZON;location_id
d0ae98e9-62af-4750-b739-9f407173b0c5;EBAY;location_id
2c65d5d7-4a98-4345-ba35-25640bbd1be1;AMAZON;location_id
be5749e3-7a4e-4ce1-a0df-6a9d9e75838a;AMAZON;location_id
3d59c562-94fb-4ab2-8f1a-fe10d108f743;EBAY;location_id
323ac551-b12e-4858-8679-28e39c192631;AMAZON;location_id
93fcd988-9c77-4dff-bb1a-d52d29c8e4f5;EBAY;listing_price
d7ebc69c-27f3-49dc-85d5-d8289508f06e;EBAY;location_id
91aed14b-7939-47b3-9db7-6582872dc1b7;AMAZON;location_id
d4ad6893-b860-4b92-95cd-da0e7588dd9f;EBAY;location_id
49932999-669c-4d92-9609-6934fb61427e;EBAY;location_id
11bf4449-4a78-4a63-965d-629f3a5734b8;EBAY;location_id
37c56aca-45ba-42c1-9f6c-66a67f4825ed;AMAZON;location_id
8ebd15e1-5ac7-4563-a5d2-130549fa95c7;AMAZON;location_id
2b54366d-f686-4af7-bd27-99a895683e3b;EBAY;location_id
96d5599b-27ab-4665-9a63-1044c8495fc4;EBAY;location_id
03781b3b-c4ca-44c9-8443-3b43d5c2f6aa;AMAZON;location_id
25ea4bc8-2584-4391-9d43-29b610c23eeb;EBAY;location_id
3a9acd0c-2a66-47cf-9e88-4755c456cb8e;EBAY;location_id
5b8e21e3-ecd1-4e27-a3d2-78a6aa0219a8;EBAY;location_id
43f2b9af-9eb5-4db2-bdba-9fa579848a1e;AMAZON;location_id
2151dda7-2c7e-4d07-8f1f-7e663e224bc4;EBAY;location_id
3ae43f14-f817-413f-a609-388ba1e6945a;EBAY;location_id
82e514af-cce2-4027-8a73-b8098d1150cd;AMAZON;location_id
1e7b2f20-e7fe-4a71-a9e3-6d6b10c27049;EBAY;location_id
aa47f31e-50c2-4cb9-b046-85262e201666;AMAZON;location_id
15162837-0446-4056-8aee-00e5a6185e97;AMAZON;location_id
18757122-438c-41e2-b1a8-1d4328ec9ffb;AMAZON;listing_status
2ce1a09e-4bee-49b5-bd34-2f04a707ccca;EBAY;location_id
5c1be05c-8145-43de-83b3-b10899811496;AMAZON;location_id
78aac39b-f700-40c5-acf3-bb5c49e2b4c3;EBAY;location_id
9f4509ac-9943-452c-af14-aa4780b3d730;EBAY;location_id
40c8f0d5-0a6d-457b-8087-6597d311435e;EBAY;listing_status
7fc46018-7f51-4365-83c2-1f055ef47fa0;AMAZON;location_id
5f56b5cb-6e68-478e-9f26-7360ba259c45;AMAZON;location_id
49fc2d84-774e-4a67-8bc2-3a5bf63c79b9;EBAY;location_id
e1a42e36-6de9-48ee-b365-bc88a409d2e9;EBAY;location_id
a1adf97e-cdba-4346-a25f-4e532064f140;EBAY;location_id
b6a29274-325a-4d08-a17d-12476e8ed22c;AMAZON;location_id
4615de39-8a22-483a-952f-9983859e87a4;AMAZON;location_id
aa59663d-ad30-4fc8-ba43-c6285021eb90;AMAZON;location_id
3a57da49-c07c-4118-8844-6e08171d2909;EBAY;location_id
8810788b-72fe-4830-97b6-4ea23804e9da;EBAY;location_id
f8b4bf32-7dba-4625-878f-6e1ab5b4f215;EBAY;location_id
10a7934c-61f5-49ab-9f91-a24dc2e9cc4b;AMAZON;location_id
34f6a0ba-a87f-4494-aaa9-75a04309fd4f;AMAZON;location_id
47e8b234-83c6-449f-a78f-0d61d6918988;EBAY;location_id
8e561c01-810a-421a-94f0-e50992f39741;AMAZON;location_id
8a065f30-01a5-41b4-b65c-35289940efc6;EBAY;location_id
fbdb01ff-86a6-48c7-89a8-cb2fcfdd7cc5;AMAZON;location_id
97bec700-7eec-4276-87b9-7471e1d241fd;EBAY;location_id
ebdcce8c-f630-402b-b310-73504fbb9a67;EBAY;location_id
5962feb2-3a2d-432f-8a99-b38b8a2c20d7;EBAY;location_id
d0782d96-e73b-4f39-a481-c866197b6f96;AMAZON;location_id
7bdaf55e-1c8b-4e76-81c4-d8ce356b6c8a;EBAY;location_id
3a238977-d95d-4926-ab94-9115f4fbebb2;AMAZON;location_id
3c2372bb-934e-4721-9908-b700bb1a0000;EBAY;location_id
6c11d4c1-7517-4d00-9948-1558e48f56b5;EBAY;listing_price
799e3aca-224e-474f-8081-ba8990cf2bbc;AMAZON;location_id
6d039ff1-9464-428c-8dd6-fc70dd30a8c3;EBAY;location_id
78b05863-f3f9-4846-b51f-c4006eb52108;EBAY;location_id
213c8bcf-e53d-489b-8dc2-ba757e68e699;AMAZON;location_id
051853d2-a2ff-427f-99af-84f15256b3bf;EBAY;location_id
f5a2ec02-cca4-4aa6-b2e9-8fe126a74a23;AMAZON;location_id
12c8e77b-edc5-4dee-8ad5-e264efee67d0;EBAY;location_id
9866d7f5-db06-45d5-a22b-c899831118c6;AMAZON;location_id
2bdb4cb2-a422-4ab4-aa38-a09879b835ef;AMAZON;location_id
3f1beeae-e27a-44a8-a72c-ec4d6ed96b76;AMAZON;location_id
684c7efb-e7e1-4977-bdff-2c472c02e6d6;EBAY;location_id
67511ed7-fd78-4bf0-bf52-0954f5632f3b;AMAZON;location_id
b2b8000e-db1b-4d0f-920a-7a53aeec446b;EBAY;location_id
90f63e63-da44-4497-a697-e1b61c106248;AMAZON;listing_status
d9179bf0-d8ef-4014-afa6-a99d38f6d45b;EBAY;location_id
290f8715-fd23-4118-8bb0-441710c4aad7;AMAZON;location_id
79cd2909-e11a-4dcb-abe7-211fcd96965a;EBAY;location_id
1fe8697f-81f5-42ca-bf64-3ea8c8d0df93;EBAY;location_id
4e5bf08a-00af-47ae-b54a-f7f2def68902;EBAY;location_id
d6fd3101-2c50-4a1d-99b5-0dd97e6e38cc;EBAY;location_id
9fdbc65b-ccae-4f53-b82a-48523fefe61b;AMAZON;location_id
22c6bbd6-6024-4a37-8ada-3bf70d059d24;EBAY;location_id
9e1cab79-eb5a-4cd5-a8a0-57d8711802b7;AMAZON;location_id
ba1a55b3-ee93-4389-9579-39058ab966a3;EBAY;location_id
c644221c-1f5d-4307-9a66-cb760b58c7a7;EBAY;location_id
e10923c2-7f97-4aa6-a31c-2163f1a50d27;EBAY;location_id
fe7671ee-955e-48b0-b0d4-0c95a1bdad64;EBAY;location_id
d4c91b8f-5db9-450f-a8d9-149b90b9cb0c;EBAY;location_id
cd09e78c-20a6-43b4-a73d-1e3d3a3e51fb;AMAZON;location_id
eaf834f5-8891-4d38-895c-2ade344e777b;EBAY;location_id
3de74768-8ab2-4447-8b6f-08266cbf205f;EBAY;location_id
0699d118-d5a9-460f-9af0-e8735907abe8;EBAY;location_id
7cfdaa50-78aa-46fe-bb9b-7a85a9f0301b;AMAZON;location_id
3a5840bc-85a9-49b1-9866-120fc252ca7f;AMAZON;location_id
35af6c10-4a6e-42fa-b8c0-de89d10f9ed1;EBAY;location_id
6ec12699-4a1c-4e7b-996d-79301b2d6b15;EBAY;location_id
589a8324-0a13-4c70-ade8-903fccf68275;EBAY;location_id
e8431d1e-9116-4353-8dab-1388e556b29b;EBAY;location_id
405dbed3-fc19-4a41-8917-178ce112c226;EBAY;location_id
e43e4eb3-8135-408e-8b43-23d29e3af7b1;EBAY;location_id
f85ba9f5-3f18-4eab-a933-97b97575d1f8;EBAY;location_id
f371e052-206b-4b42-a203-81e5f58019df;EBAY;location_id
9b73b0fc-8f34-4005-a3b3-21952be0a916;EBAY;location_id
5f2d2406-0197-4308-85f1-eef63bbfaaf8;AMAZON;location_id
569729f0-7c07-4ab6-91a6-21de0bbf5aed;AMAZON;location_id
4c4a3509-a71a-4951-a52a-7e4e7105c175;AMAZON;location_id
a3bcf087-2c6a-45c2-a347-d7dac4fcaa1c;AMAZON;location_id
b9edfe82-2c41-414f-ab4e-5e7af98a2091;EBAY;location_id
50cad6f0-3c46-4a77-aac3-f6e3de827f0e;EBAY;location_id
7b8cf699-d4a4-4434-8c18-4ca096b4b266;EBAY;location_id
4054e9ad-1544-492e-9eda-75d22ee7b179;EBAY;location_id
1ef27a50-3dc5-482d-9394-5d7cb7e22af8;EBAY;location_id
db096887-9eb0-4906-90db-154e84b951fc;AMAZON;location_id
eb382f36-aa02-4176-9080-992e9e446704;AMAZON;location_id
adc1483c-e14a-4ae1-8ae9-d6185e1194ec;EBAY;location_id
5dd1a372-5223-47c0-a5c6-c01525490acb;EBAY;location_id
bc78498e-8ae3-4ba4-8ab9-c248e925c0dd;EBAY;location_id
1d3de620-de58-458c-931d-61400d20b149;EBAY;location_id
18c206c2-7c70-43a1-acf9-9bbf88712731;AMAZON;listing_price
b0065a7b-2830-4d6d-bba5-7c759c9aef0c;AMAZON;location_id
83311478-c640-4883-bb82-d963d1cf0aa4;EBAY;location_id
3988f631-ebf5-4b64-82a7-ab4fca20407d;EBAY;location_id
959fe6c5-9eb0-465d-afe4-065a760d277e;AMAZON;location_id
93e15c83-f325-4468-9311-bb9e2d3d3c3e;AMAZON;location_id
a0834c1b-e00b-4505-95ff-b623746dd825;AMAZON;location_id
9bfdc0f0-73ae-41e2-b4a1-5640dc48070e;EBAY;listing_status
c4970b0c-aa2f-423d-be17-062bfc9b21e8;AMAZON;listing_status
9516b442-82e4-4610-af16-b6db55ee2f37;EBAY;location_id
43172823-e165-4326-99f1-cb4a8b667f52;EBAY;location_id
57764cbc-6720-4856-a532-d81053227597;EBAY;location_id
3c3b1a2a-0f78-40e5-8601-d645fa5175d0;EBAY;location_id
87d29fe7-6f41-4774-82ad-93048d6966eb;EBAY;location_id
9cead1fb-b6a7-4cf9-8cd4-70d78129cf62;EBAY;location_id
d9d7024b-c114-4541-9169-f345533a49d2;AMAZON;location_id
3555d165-7766-4892-adb2-1e211428fe08;EBAY;location_id
cfecc72b-945f-4f5d-a5b0-5cb0eb9d0337;EBAY;location_id
4dc8d5ba-b9e6-4780-a8d0-76c60e01ab5c;EBAY;location_id
06641b2c-fd3b-4c60-9669-fe94fa43a206;AMAZON;location_id
c1d01c53-177e-4dc1-b89c-b26639ccf7b0;AMAZON;location_id
7ef4cf15-c51c-4fa7-92af-ec2d810c33d6;EBAY;location_id
e017fcca-f232-4774-a90e-2b3d2ce82a2c;AMAZON;location_id
e45c6377-e89f-4115-bcf4-8e39d149898d;AMAZON;location_id
7146464d-4236-4642-b7c3-6d264b3c529d;AMAZON;location_id
bff95727-3876-41f9-8b76-e170216ac0fe;EBAY;location_id
2b3f3e2c-22b8-4e72-a21f-df2cc4590f62;EBAY;location_id
07ba27e6-2bd0-4874-a217-045c74acd3c1;AMAZON;owner_email_address
08cd032f-7f97-47c7-bd1a-48a54d85e947;EBAY;location_id
cb3cb9b7-3be9-4c3d-b4a6-798a4c448532;AMAZON;location_id
5c692257-32cf-4b3c-9b3b-4cf025dd0604;EBAY;location_id
3802db64-6a30-4a69-a668-724094e19666;EBAY;location_id
c0b4b4a5-b3cc-4674-bed0-2594f3d0807c;AMAZON;location_id
91842f54-2f3a-46d5-b967-bb4e22a4ddfa;EBAY;location_id
cda17523-6ad2-4bdb-8a68-caa7cdd6f8f1;EBAY;location_id
c83bf573-b53a-4f9a-bd2e-a2918a6f3592;AMAZON;location_id
78f2fd61-593c-4f05-a978-4c63c5abf2cf;EBAY;location_id
31cc2279-26f7-4e9d-ae9d-3f649b4f880d;AMAZON;location_id
d5d115f9-2f7d-42f3-9a5d-08af3f8344e3;EBAY;location_id
81826201-2311-4755-a320-4aa68a79bb13;EBAY;listing_price
44601b11-6f5f-4dec-bf4b-fef827a496d7;AMAZON;location_id
f29cbb1a-c81b-45be-9da1-860275e821c7;EBAY;location_id
3f3dd7a4-4f4b-41be-821c-1303af7d47b1;EBAY;location_id
3c117d2a-dc8e-4367-859e-977e3bc95909;EBAY;location_id
bf448634-9e05-41c3-8fae-f459fa799f0a;EBAY;location_id
0f4bbb83-3ffd-4d91-86f7-8bf856582e5c;AMAZON;location_id
c0ec47ff-051a-4a71-865f-22ed057cd5df;EBAY;location_id
de80cf61-abec-4458-b016-0773fe07ac6c;AMAZON;location_id
d50dfe98-7a27-4c36-8d2b-b7120d7c22dc;EBAY;location_id
f61a58b8-6907-4469-8204-54f69f27d7e1;AMAZON;location_id
6ccf4f2f-eb61-41f5-a763-e56817274167;EBAY;location_id
1265a0af-55d4-4cd9-a678-cafe749f92c1;EBAY;location_id
bba85514-fab9-4aac-9a84-ea0827f1192b;AMAZON;location_id
cb40b1ef-05bf-4427-8661-88d38a10a8d8;AMAZON;location_id
701bc35d-2e96-4574-90cb-a1bc86eba013;EBAY;location_id
b3a79176-d9e7-438e-8ece-7817dd1b753f;EBAY;location_id
d059353d-987f-4faa-bc15-77807ef8bc8d;EBAY;location_id
07a5b6b9-1212-4c0c-8455-8eb6deafb16d;AMAZON;location_id
4ecc41ab-a857-4bf4-9860-2123850a627e;AMAZON;location_id
201c1cf1-bcf1-4213-88ab-9c2bbbd50c80;EBAY;location_id
0f6a4c49-ea74-49fc-9055-340bfbb660f1;EBAY;location_id
ce1eb16c-1602-4f4e-a5f6-4f8e6bbfe424;AMAZON;location_id
301fdd83-2231-4498-859e-5df704808e5e;EBAY;location_id
828fe05e-c873-4f96-8133-0033f4e1edb6;EBAY;location_id
73afe1b1-3d03-4708-a043-80f30c713ae3;AMAZON;location_id
daa0b7ea-348c-48c2-974c-50319390a2c7;EBAY;location_id
f21422bc-118f-4edf-9f93-a80cd9677222;EBAY;location_id
485de831-e8ed-4658-9b9c-44e4f41526a7;AMAZON;location_id
8c30a5ae-969a-41ab-ae54-4a111c474c0a;EBAY;location_id
c87b746d-4d5d-4021-85cf-474709d0dfc9;EBAY;location_id
cfd603ad-d663-440a-abb6-784482c21af2;AMAZON;location_id
13bd3f51-b2ae-4aed-b003-81b3e577994d;AMAZON;location_id
0cdf4ec6-65d3-47c4-8da0-f021b36e42e7;AMAZON;location_id
56b6f236-3c7e-4fde-9dfd-8253a5907c8c;AMAZON;location_id
9626afda-98f3-406e-a7a0-49e7034271e4;EBAY;location_id
60ce8f4b-6f5f-45f9-a6c8-77fd3f1a4576;AMAZON;location_id
5b58f646-1a44-4a35-8c46-f187b85df6a3;AMAZON;location_id
4680067f-9987-4668-ae0c-22ffdd417df2;EBAY;listing_price
5d9d324b-e77b-43a9-b892-1973407fe306;AMAZON;location_id
bdef17a1-7d67-447a-ac14-904bee46f1e0;AMAZON;location_id
3cdb68d5-54f5-465e-bf47-a2c72d50fc12;AMAZON;location_id
fb29cf5b-c0e8-4d54-8a54-022b6f5f7e35;AMAZON;location_id
baeed7d7-1a00-498f-ac66-958522eb5ae5;EBAY;listing_price
770efa42-e604-4cb8-8cd6-ecdea1a8d7f8;EBAY;location_id
ccdef51a-c62d-42f8-b78c-d3e1ee2c2c6e;AMAZON;location_id
00cde4c8-fb88-46fd-98e2-5f4f70726087;EBAY;location_id
01c0e6d6-9a1b-43c8-9caa-c62ff54e13b8;EBAY;location_id
4b98be44-4685-4859-bb5d-889c2ba65a62;EBAY;location_id
bba28b61-bd0d-4b34-a01e-bdd32c97b8ac;EBAY;location_id
e16f9a1a-e384-49aa-b177-f5dc15ca8a2f;AMAZON;location_id
b1c4bf97-412b-4ca2-8c10-be1d400db4bc;EBAY;location_id
6e43793a-03b8-4ba3-b3a9-44f60ec7eb14;AMAZON;location_id
e105123a-ab4b-43ef-8d59-b1cbd5806907;AMAZON;location_id
913bc1dc-947d-4f77-9260-0086fbf11a11;EBAY;location_id
8e85c927-7fe0-4484-888b-e329a8a2a833;EBAY;location_id
e8d11f9d-eb63-4ecb-bc73-06e8571e9f76;EBAY;location_id
326935cf-738b-4017-9d89-f4fa2eb9d80c;AMAZON;location_id
afa7bc2a-e27c-4b37-bb51-b61c586559b4;EBAY;location_id
0c5a114b-2d69-420f-bdae-663d42cc9c4b;AMAZON;listing_status
b6538ffe-29dc-4442-b4b8-7b372c652568;AMAZON;location_id
25af81e0-1fbc-459a-91c4-0082e07f2188;EBAY;location_id
57fed552-d183-49c7-bbe4-f9e8a16cfa25;EBAY;location_id
dbfc3fb8-5074-42a6-b04a-a38ab1570e7c;AMAZON;location_id
e1061939-e835-49da-bed3-bee2b825dd5a;AMAZON;location_id
b0a38126-5fb3-4adb-93e3-25ef8920a6e7;EBAY;location_id
265d55b8-4594-47d9-8acc-cf60a5c88596;AMAZON;location_id
77443c1d-e8a1-4628-a514-f3f7b09415e6;AMAZON;location_id
0f56beb9-673c-4106-9583-04b0b5affa31;AMAZON;location_id
fd5a22e9-10e7-400d-8bdd-e5dcdfee43df;EBAY;location_id
aa181f0c-784a-45a5-8827-c0990891d698;EBAY;location_id
f0dd0ad2-6199-4e36-bf44-6926b19fc0a1;AMAZON;location_id
c079769d-2f22-453c-aa89-bebbf484e87d;EBAY;location_id
e56870ab-d7d8-45ca-92ee-8c0e44919bc7;EBAY;location_id
cd1e800a-8e98-4712-aba0-2c2ff1cf7da5;EBAY;location_id
e671d536-2b63-4e5d-9172-8f6c7250adf2;EBAY;location_id
78171dcd-213c-42e6-a04f-744a0db5c32f;EBAY;location_id
05e2bf23-567a-4475-86b3-3fcbc6ebf651;AMAZON;location_id
5f04d4f1-4852-4ec0-8b59-c11642e5c4d1;EBAY;listing_price
8eef2d3b-fcca-45d4-8a4c-4bf4089489f9;AMAZON;listing_status
3a8b5b92-ab1e-4d0e-aaf7-788f83ad868e;EBAY;location_id
a0c38e04-c68d-4059-9275-a381e4fb6f5d;AMAZON;location_id
83045be8-4b6b-4089-ab64-871e4d8761a1;AMAZON;location_id
391534e7-5f8c-4398-b43f-fac7260a0ceb;AMAZON;location_id
888bd904-af0d-4b01-9788-0cec54cd5e38;AMAZON;location_id
78a25d1d-2764-4f7c-a979-44c9039016bd;AMAZON;location_id
ff48bd82-ef03-487d-9f13-705e665c3b9e;EBAY;location_id
f355876e-caef-4653-b4c1-2fe8c08429ae;AMAZON;location_id
309bce98-1933-402c-a904-ccaf1ee41133;AMAZON;location_id
837a2667-2e82-4d41-a8e2-835bdc10c980;EBAY;location_id
fef211b5-e973-441c-80c6-bd5ec4047a9e;EBAY;location_id
dd2eff26-f973-4ab6-a32f-d14161ad19c3;EBAY;owner_email_address
26971395-3576-4f5c-8ba9-58ad1ce5850a;EBAY;location_id
520b4505-6e47-4c3e-93bc-6c7f9f5905fc;EBAY;location_id
1c8aecf9-9b6b-44be-9884-8c23592b1696;EBAY;location_id
9b821e17-fe7c-4195-b57f-df675b1bd653;AMAZON;location_id
8c4f1fd3-0810-4078-8043-2482de1ea73b;EBAY;location_id
df12d123-3d50-45fa-91ba-f7828cc21ab4;EBAY;listing_status
bff87d54-eb91-4c10-a469-19bb7f4a0d06;EBAY;location_id
e051f1a5-2a24-47e5-9d58-8faecb7661c4;AMAZON;location_id
4d0c1411-b167-44d4-982d-b9e0fdc29c13;AMAZON;location_id
7f4f5a5b-e1cc-4ad5-ac04-2a2ba99f002b;AMAZON;location_id
2e32e4ee-b2a3-4954-9424-f4ecaa760ae4;AMAZON;location_id
7adab6fc-f27c-4a3e-b9bb-b46bff2141e7;EBAY;location_id
bc105017-6c70-4e23-b8f3-47c53805a56e;AMAZON;location_id
6dfb6210-27af-436c-8e15-bc954f914456;EBAY;location_id
66dc7120-580c-487d-ab14-95636eb61e6c;AMAZON;location_id
e1b62f87-b3c5-48a5-a594-0eab6fe4e035;AMAZON;location_id
f5634531-ccde-40dd-92d6-754d5a934e77;AMAZON;location_id
6f791249-5ae0-4667-a5f1-42c3a88a3d33;AMAZON;location_id
f8e7265a-f49a-4d78-85a3-f421fdc0f6bb;EBAY;location_id
21b2929c-f6b6-4b7b-8ce7-070642e686d3;EBAY;owner_email_address
5543bf13-23f5-4acb-b93e-c0ebc33df9a6;EBAY;location_id
622a7f24-288a-4fd8-9ae5-d1e73e3d5855;AMAZON;location_id
3ccf4c6a-9065-4c37-b7ad-57c2b735a0da;AMAZON;location_id
9b91afa3-4eb6-4939-80c7-1b4df1b71395;AMAZON;location_id
c061c3b6-1662-4d0b-8db8-07ce45790188;AMAZON;location_id
b6bbb07f-082c-4319-9b40-1846467e1480;EBAY;location_id
2c882ee7-00af-41ca-a803-48ee7cb8ceca;AMAZON;location_id
42bdcf61-e5c6-4d98-959f-bd0fceedc7c0;AMAZON;location_id
d3b504d6-bea1-4b88-a71e-346ae2ac3422;AMAZON;location_id
ab88bb98-b75d-40a5-93d7-37f5eb619f47;AMAZON;location_id
368787ee-87bb-4a5f-b04b-182603869662;AMAZON;location_id
5cf19a43-4e64-40d2-a648-9fa6ed5e4965;AMAZON;location_id
40f6229a-5949-4028-a629-99b5b309fac3;AMAZON;location_id
dcd7a333-0d0b-4366-a45b-726e95d1aa04;AMAZON;location_id
34c6bc0f-2026-46ff-8fb4-fb4d3ce9acf4;AMAZON;location_id
b59baf6c-ee44-4ffa-9c92-0bd2ba1cf059;AMAZON;location_id
12570a25-24ba-410e-9c87-f99a64ddcd58;AMAZON;location_id
93659902-fc0e-4c74-a90d-503f96f509fd;EBAY;location_id
93ede56e-667b-48b6-aa56-2c5490bc3059;EBAY;location_id
2c21f1d2-5d8d-40e8-ad8a-586972f4a478;AMAZON;location_id
a3880753-54bd-4e1e-880b-02ef72c1c866;EBAY;location_id
e1a23601-5ea4-428a-978c-3aafd51f046d;EBAY;location_id
d0cf9aa7-6454-48ed-854a-468516905b0b;AMAZON;location_id
f62b0796-cdec-41b5-9bf7-549e1a189bd8;AMAZON;location_id
81274f1b-3aa9-4a83-a2d7-ff574c267175;AMAZON;location_id
6711a677-4f96-4c1a-a75c-ebfc52f07643;EBAY;location_id
4d835685-13f3-4520-857a-bb51b0616946;AMAZON;location_id
03951baa-5141-4f7a-8fe3-f2c83aae4c73;EBAY;owner_email_address
b349873d-1d0e-4287-9620-014681aee9b5;EBAY;location_id
a5ace8fb-c94f-4608-87ff-b4d1aa204965;AMAZON;location_id
91eda30a-1117-4b75-8e57-35748ab37e1e;EBAY;location_id
65d0ca70-35f2-4762-a7ab-a47b72153fff;EBAY;location_id
1e5c8e8d-3604-4d0b-9432-e0d9124f9ef0;AMAZON;location_id
d52fffca-555b-4913-afa7-a48edc54a81e;AMAZON;location_id
e1d01159-ec7b-4f94-bcd4-29c6aff0590d;EBAY;location_id
21d8c86d-abd9-4bd0-b839-a1a9354bbeac;AMAZON;location_id
e3dbc576-ab47-42bb-8556-328b23f3a030;AMAZON;location_id
64a8e5a3-911f-4b2d-aea7-677a7ebf561d;AMAZON;location_id
12007b9d-2eca-494e-b9fe-440444cfddea;EBAY;location_id
c2102dae-afe1-40d8-a2b4-97625b4bca17;AMAZON;location_id
228cd4db-cc66-4a16-8721-466d3ce15dc2;AMAZON;location_id
b3c61d73-0ba2-4fa7-a224-83d7f6e492c3;AMAZON;location_id
f66cf111-1338-44ce-bdca-725f39aa65ce;EBAY;location_id
4337fd9a-49ba-4387-9639-fd908b1bc4df;AMAZON;location_id
f888fce8-2dc7-463f-842b-b49bbe7122d3;AMAZON;location_id
e229f248-7173-4ab1-bc51-1562d921427a;AMAZON;location_id
9b7c4494-fdf1-4768-87fb-453ce36ccff5;EBAY;location_id
9321581d-92b8-4213-b12c-85cb2c3da878;AMAZON;listing_price
c438486e-5620-4ffd-a871-b6867bf71e78;EBAY;location_id
3222ba3d-acfd-495d-8571-9b1a5c746344;EBAY;location_id
3ddd55e7-b3c9-45cd-8b06-083887105e16;EBAY;location_id
46dd36bb-34a3-4cc0-b164-c0e14ef78df5;EBAY;location_id
7dcccb08-f08d-423c-83e8-62e9d2d4b6d6;AMAZON;location_id
5f49a63e-a36a-449f-bf8d-9e183c5c543a;EBAY;location_id
699696ff-6348-44f5-812c-2398e10e3fd4;EBAY;location_id
483b2f70-4e4a-490f-ac28-19dd285ecac6;AMAZON;location_id
c3db92ec-6979-4fff-a4e6-201025258913;AMAZON;location_id
09ccb3cb-c76d-45a8-a718-c8bad8e8ed36;AMAZON;location_id
414de83f-0d37-46f4-9eee-6e97910d8470;AMAZON;location_id
472ec57e-a2d1-4d07-98ed-49e9184715ed;AMAZON;location_id
0061acb1-21ed-478f-ac43-4249b53bfe3e;AMAZON;location_id
bca5061e-06b8-45d4-93b6-cbeae983a174;EBAY;location_id
c48c4e1e-8a6e-4632-bd62-749358a7981c;AMAZON;location_id
168b2f1f-f576-47a4-9d7a-bc80dba0f26f;AMAZON;location_id
ec81a3e1-81a8-4582-a57e-d72cbc738c48;EBAY;listing_price
5dcf8e86-df9e-499e-ac18-397ac6925d14;EBAY;location_id
d86c9e77-40b4-44d9-8131-f65ac2437340;AMAZON;location_id
a98577f3-a7bc-499c-a633-2cf09ecc4c21;AMAZON;location_id
f19ab66f-41a4-47e0-b2b2-9530bf689d26;EBAY;location_id
a6f40c80-9252-4ac3-b67c-7763df2cd197;AMAZON;location_id
de773de6-5ec4-4747-8ceb-44798cb4cf89;EBAY;location_id
6bba0ca0-be41-49cf-88f6-26232e61a801;AMAZON;location_id
80a18950-b8ee-4e60-bc0f-2b64bdf722d6;EBAY;location_id
1333c01f-ed01-4606-b383-54008aa02e86;EBAY;location_id
9edad552-4034-4ff7-903d-1dcbeb5c19ae;AMAZON;location_id
7ee60b9a-0660-4bee-80ab-f3837e9f6fc5;AMAZON;location_id
ee18582b-b25b-448b-8b6c-40dbeb0c3bae;EBAY;listing_status
3ed7f0ed-2a88-4836-8f90-b10ff9341f34;AMAZON;location_id
be666989-a672-4994-b82b-dce72636aa42;EBAY;location_id
c64528e6-daf2-478a-b915-8a0a0630c341;EBAY;location_id
f56dd88d-0715-440b-8e2e-9cb563509038;EBAY;location_id
79913d5d-66ad-41b2-870a-e0ebcab70b10;EBAY;location_id
aa5915c2-f01e-48c6-8e3c-16dc1af4368a;EBAY;location_id
f92f7c5f-db03-49c4-8e1c-0a8d1f611242;EBAY;location_id
8a61d543-c8eb-4028-a987-dde079dad6c9;AMAZON;location_id
0df3e356-eff3-4313-a378-dd623a61f83e;AMAZON;location_id
dadc138e-9f7c-4152-aa93-eeabba8c6e16;EBAY;location_id
3210e01d-7cfa-463c-b6cd-787bd0a872e6;AMAZON;location_id
d0ce3b23-3607-43c6-824e-7462676f4180;EBAY;location_id
01f2399b-9173-485c-9ba7-70d25852987d;AMAZON;location_id
f7e939e2-ad22-4357-bc0d-5e9f612d4d04;AMAZON;location_id
55dd233b-9ea2-43a5-88ab-6ffefb5fd48c;EBAY;location_id
f3c16964-7e8b-4d6f-9a57-4129ffddea2c;EBAY;location_id
841df42e-add9-4632-a90b-0496557cd43c;AMAZON;location_id
a46cc745-df0b-477f-ba32-6c11a3aef8f9;EBAY;location_id
d31f67d1-c10d-466e-b438-7188b160a014;AMAZON;location_id
b32da09b-31b1-400e-8ae2-482be7bf8ac9;AMAZON;location_id
4f923b0f-0231-4df4-aa00-1d1cbd5376e5;AMAZON;location_id
e83accb5-b10d-4148-823b-f012afce3627;AMAZON;location_id
3d29010f-5813-4b87-86ee-f4054b9f75ec;AMAZON;location_id
76bac439-fca1-47da-834e-6d9c5d20a6b3;EBAY;location_id
58fbd5cb-f304-4a8d-ab16-dec7ff8e5433;AMAZON;location_id
29785f27-1f6b-453b-9be8-5be3ac5a3dc4;AMAZON;location_id
88b54e16-a400-4e9a-b295-b7794980aedc;AMAZON;location_id
38a80bb6-c151-4004-8451-988b643ae2ad;EBAY;location_id
a0aab5b8-8d9f-4319-8b3b-f8432c3daec3;EBAY;location_id
bb7fdcb1-9cc6-4cca-9f5e-b01f1899c72b;EBAY;location_id
82ed4be4-3254-42c4-8605-0b2ccf2e7d40;EBAY;location_id
46d48641-5068-4802-8515-8adc8b7d4145;AMAZON;location_id
db4a5184-8b09-4b49-b3f0-79993911724e;AMAZON;location_id
21f34dc8-a509-4e53-9a4b-bfe2375c308a;EBAY;location_id
4c04cace-ef4e-453c-aaa8-f2dfb9e15c49;AMAZON;location_id
e50119b8-5959-45ac-93f6-c7a21ac33a57;AMAZON;location_id
c23f704a-928f-4fcc-b2be-8a937bd8c111;EBAY;location_id
ad9b3083-887e-4b41-ad90-ed7c3808180a;EBAY;location_id
78fc1c27-a101-4418-97ac-b680852bc9c9;AMAZON;location_id
425a9db7-b76f-49af-a566-1a008fb5eb40;EBAY;location_id
e10beaee-f505-47e4-a8ef-d99e35cce710;EBAY;location_id
cc8540d8-fb4b-4d5d-8510-780e18d8289f;AMAZON;location_id
70aa9be8-c259-4fba-b201-88f61ef15963;EBAY;location_id
a81b0cd2-a69b-4587-bf21-da87b4fffad4;AMAZON;location_id
34d0e3de-5bf6-47ba-b1e0-e93eb5c78c4a;EBAY;location_id
28fc6b70-3e26-44af-97d4-51bb4a0c3874;AMAZON;location_id
62b948e6-3b23-4745-ab04-e939e78708cb;EBAY;location_id
139f3800-a255-4ef2-8855-00ca9a15c52a;EBAY;location_id
1cac0f42-0205-4ad1-b711-e62bfe17981d;AMAZON;location_id
c9f0c157-a978-4482-ad41-cbcd77d4f3e0;EBAY;listing_status
2602ec63-e821-4fac-9eaf-7940f0bd17a8;EBAY;location_id
62f43887-42f9-4f64-a081-018e8215e8e5;AMAZON;owner_email_address
3823b38e-4fce-46df-85d7-4cdde5d8923a;AMAZON;location_id
b9005b27-4ac2-4d6f-a5fa-a7ae9514e830;AMAZON;location_id
4c4a34d8-7591-4d31-9380-db6722a7333d;EBAY;location_id
c95db0f7-bb20-4244-ab0b-11d2879e5ddd;EBAY;location_id
11b5f8c2-4117-4420-9485-9127918912b2;EBAY;location_id
b9d3420b-9e44-4070-9524-14b5d8d70d6f;AMAZON;location_id
673965f9-2e24-46aa-b924-7ab4e1baeb27;AMAZON;location_id
caa3040c-35ab-4af4-848c-54b9a611bffe;AMAZON;location_id
5e19e4e5-813d-43ca-820d-d8250de340c1;EBAY;location_id
cf5769f6-e2c2-4895-9be1-fe47dba9ea78;AMAZON;location_id
b3b1276f-5a86-46e2-8f7d-fed262556943;EBAY;location_id
3b5b215a-4b99-4d52-ba3e-e0668ac16966;AMAZON;location_id
e359e833-5be9-4bdf-85ac-3693aeebfc2a;EBAY;location_id
90fbe22a-e343-4ef8-ad0b-74f39b91960a;EBAY;location_id
4e0c66f9-7822-4620-b69e-78e0f0849704;AMAZON;location_id
480b4f8c-5592-465a-b06a-40a5a8e01f56;EBAY;location_id
7d8dd06b-90cb-4841-bc93-d6ba54b69891;EBAY;location_id
3da300bb-f514-445b-88f9-d09d91ade55d;AMAZON;location_id
db96b039-1fbd-468d-b190-74bac679a9c6;EBAY;location_id
4070babd-3b24-4e5f-aacd-411492d26d52;EBAY;location_id
b32499ea-2433-42f7-947c-f59f9c2f2ce1;EBAY;location_id
c499d1e6-1fc2-4b74-8441-3a19e08b32d6;EBAY;location_id
4e178a64-83ab-48e6-9c98-e744de64f3c7;AMAZON;location_id
26a7a335-542c-4e5a-8577-658225cfe9d9;EBAY;location_id
78bcccfc-2fc7-44d4-9346-aacf4a365c90;EBAY;location_id
94161da5-7f30-4f02-8263-7fe32600e062;AMAZON;location_id
98586ed3-5c65-46f9-b1dc-e07b9922a035;EBAY;location_id
ce5dab81-61a4-4244-98b9-551ecef174da;EBAY;location_id
db1fa340-f88a-4067-9fd2-a351b2ead120;AMAZON;location_id
0b4fe3dd-90e8-4358-900c-c452d55c9e0c;AMAZON;location_id
ed88bf4d-8504-402f-aebe-7b3bb8685658;EBAY;location_id
7531d8dd-9d2d-427f-9a5b-551f90f8f07a;EBAY;location_id
86eeeff5-7722-4e89-9f49-37e2c1aec195;EBAY;location_id
d9c87b55-0bc0-4332-ac30-6af6e87006de;AMAZON;location_id
66eea9e4-44a2-4bae-918b-b86002f83aa3;EBAY;location_id
af4b8675-1512-467f-9260-76a63a7fcecd;EBAY;location_id
5831bf9f-82ed-4922-96d6-f9b5ec3d9857;EBAY;location_id
15b8a86a-8692-4fa5-bc16-29dbe6117d9e;AMAZON;location_id
3200caed-df07-416e-8927-bd163622b3f9;AMAZON;location_id
336142e8-2a75-414f-81da-34c82005dc78;EBAY;location_id
5ff21e75-19e7-45ca-8b95-133680f6d11b;EBAY;location_id
f9a86bf9-19a4-4c16-8a92-a0cda3dceb49;EBAY;location_id
3f2293e8-2f8c-4f38-abff-70ba2b677beb;EBAY;location_id
049604e7-a778-47b6-97bb-97bab4d11860;AMAZON;location_id
b4322e82-a72b-4f02-b610-e80a44690213;AMAZON;location_id
f4e57fbd-6778-48e4-8100-bd5c441b3ef4;EBAY;listing_status
6fa2baa9-c742-43ff-a251-209a67b9a6ea;EBAY;location_id
07f65de6-3f69-4de9-888e-16bd1c843a84;AMAZON;location_id
83ed0397-0453-4e36-947c-7aa7be6fc1ec;AMAZON;location_id
2c02a006-6f77-47dd-bff7-e9d0adee4a94;AMAZON;location_id
e9ca84bb-b614-427f-87c1-2f6b984429bc;AMAZON;location_id
d3fb3e97-c25a-400e-b583-8d4847fb5e5d;AMAZON;location_id
e811df95-f470-40f3-b17f-5c91f52946fe;EBAY;location_id
a0e749b4-84e6-4a8f-bbac-8da054243952;EBAY;location_id
2a510776-464b-4963-a8a8-6105a3324111;AMAZON;listing_price
71b65cdd-5521-4c0f-b494-ae61deede482;EBAY;location_id
91a8d998-65a1-4889-8667-513356986133;AMAZON;location_id
fdaf454b-d97c-4a96-a555-afa266f3dc54;AMAZON;location_id
d89bad47-a313-4eeb-80c2-84a271426e5f;EBAY;location_id
66780d36-9d61-48bc-b07c-2d23841e3312;EBAY;location_id
f6b495b0-dd5b-4311-8cbe-253cdb57d280;AMAZON;location_id
1ca492d2-ee12-44a4-9862-7a3c1950edf5;AMAZON;location_id
57bdd6ff-0491-4905-bd42-412de8629666;AMAZON;location_id
dc228f79-3ed9-46e9-937e-4e7377d61335;EBAY;location_id
08e2e85c-b4f4-40e3-a99c-eaca7aac55c3;EBAY;location_id
c9494311-58e8-40a1-a683-15d020470034;AMAZON;location_id
6351d39d-391d-4a1c-ac95-f9709da0044e;AMAZON;location_id
a8f125b8-db17-4112-b304-831af0862dd9;AMAZON;listing_price
c313f931-e5fb-422c-9a4c-edca0fea61dd;AMAZON;location_id
4a36b396-042a-4de1-b9e6-298ff7ec8d1f;EBAY;location_id
74b8c789-1953-4893-afe7-6e93b4ed922a;EBAY;location_id
fa8dee9c-847b-4868-af39-7b42a478c949;EBAY;location_id
60af9148-2269-4558-ba48-53b9a9f9413a;AMAZON;location_id
de4bf57d-56ce-4b5f-a5a0-548132357ebf;EBAY;listing_status
efde347a-baf5-4f24-86e5-d49ffad1c7cc;EBAY;location_id
27041f09-e3eb-4303-95ca-e7213b36c2cd;EBAY;location_id
b5a0b32e-24e5-4c03-a940-4eb857ca903a;AMAZON;location_id
df4edd17-1f15-4bba-b5d8-55ad8051af22;EBAY;location_id
f3b271a6-7126-4f5a-8800-35ad91b28fde;AMAZON;location_id
a2f2f5cb-5aef-4d49-be0a-a63761581834;AMAZON;location_id
61da242e-7f57-45c1-8b47-a0379d14252a;AMAZON;location_id
2c2bdbe5-99dc-4022-8712-a5cc03330552;EBAY;location_id
a7bbc900-cc1c-4146-aa0a-58d73a833ef7;AMAZON;location_id
0b1bae02-ce33-4be3-9cfa-4c8da69cdb10;AMAZON;location_id
8879c882-56d7-4bbc-95c8-7ddf042ae8ac;AMAZON;location_id
241163c8-9682-4a28-8f97-246873f54a09;EBAY;listing_price
71c59c33-18c7-4ba3-be83-cd7c0fb22cd6;AMAZON;location_id
bf55527b-ab96-4075-94b9-916dd0e0323f;EBAY;location_id
d649450a-7149-452e-a9ed-0a21ae7f009d;EBAY;location_id
ada0bab1-04f0-4514-98a8-e1b166f22dd3;AMAZON;location_id
42d96ae0-e0de-45bf-b335-48980c16ceff;AMAZON;location_id
1445a397-d7ce-4927-8934-11f1c466ae9f;AMAZON;location_id
ea918a97-aad8-420e-b328-db85c6f6329c;AMAZON;location_id
be406edd-798e-4503-b0a8-27ffcdc59217;AMAZON;location_id
a559ac7b-a4cb-4649-b7a8-835732730322;AMAZON;location_id
71b94ea7-2d99-4a60-91a2-f0d83273ab5a;EBAY;location_id
893372b4-00db-4af7-ab47-fc914bd19631;EBAY;location_id
dd91c8ac-c38b-48b2-b663-3af63c037ac6;AMAZON;location_id
fa2db783-9c26-4eaf-a6ff-46798a226bb6;EBAY;location_id
1a267ee7-11b5-41d0-a1fc-8624f3a15872;AMAZON;location_id
27cacc28-c1bd-44d5-a777-f24c268e8239;AMAZON;owner_email_address
6d5d0075-f0c5-447c-a5ec-321b668c577e;AMAZON;listing_price
0ca78e29-a2f4-4e2f-b6b5-a33f76eb05ee;AMAZON;location_id
afcf0cf0-c9ca-4e69-aaee-3ef960424ecf;AMAZON;location_id
20aa2bf5-e92c-40fd-924c-27b4986111ac;EBAY;location_id
0503421d-e98c-458b-8463-36ffcc0535de;AMAZON;location_id
0375af24-5957-48fd-bb6b-be71856600dd;EBAY;location_id
da75175b-64d6-4e3a-be0c-672120087c7d;EBAY;location_id
c414bf75-f729-4372-bb29-f15038a21d63;AMAZON;location_id
0fdca457-6342-4ad2-8b2e-5d5f3db23d6c;AMAZON;location_id
637090cd-8fc4-4fda-bbfc-5c2b41170926;AMAZON;location_id
d5a85e97-48e6-4924-9664-67b4073fe393;EBAY;location_id
bb600fa5-82de-4837-b620-af67e7b911d1;EBAY;location_id
94ea4071-fc42-4f4f-a90a-7685cbbf2445;AMAZON;location_id
68c80589-adf6-4ba3-83cf-02c5eb90dbb6;AMAZON;location_id
24079877-343c-4dc5-a6a8-df410173550a;EBAY;location_id
d98bed0a-0cd8-42d3-82ef-2299ea891e00;AMAZON;location_id
7e78da5c-22dd-4bff-83cc-d1b7cb7abc4d;AMAZON;location_id
be34775c-e40b-4600-9b52-fd26c21d936a;EBAY;location_id
c37c9128-6fd3-46a9-93a0-27712413ee69;EBAY;location_id
3167d226-a907-4e7e-800b-f795751e197a;EBAY;location_id
182dd39f-1fe2-449e-a004-9010fbaf493b;AMAZON;location_id
d460f8a1-db3d-4134-8605-575dc2317515;EBAY;location_id
61469668-31c6-4242-80b5-b9691833ee45;EBAY;location_id
76749fce-aa6c-4e37-be1a-2e8188a59561;EBAY;location_id
d91e6520-a670-410b-89a7-1e523ac22cd1;EBAY;location_id
e5d00df9-332e-4050-a8ca-4c1b3e6050fe;EBAY;location_id
a5e57a3c-1471-4858-b5a3-14c6ba3e3099;AMAZON;location_id
77c3fb28-54d1-461d-8c16-4d09c2f57459;AMAZON;location_id
0d2ce219-1a83-4f1b-9831-a9084f3fc6a4;EBAY;location_id
60012f27-02c8-4167-848e-5892b3418dde;EBAY;location_id
d799d52c-a6ae-4896-87f2-01d3bc9279bb;AMAZON;location_id
e9199f92-0e17-414f-a8ef-8e0af1cd2c90;EBAY;location_id
74b785eb-deb8-42e3-acf9-92f29430b913;EBAY;location_id
472b4a89-4d73-4fa8-9d6c-39c92f17c70b;AMAZON;location_id
a9abb3dc-e400-42e5-ac43-a08e593633aa;AMAZON;location_id
23342fa8-2d14-40d1-9808-6f67fd5fbf1e;AMAZON;location_id
72f810f1-5d81-4f37-84f1-4efe61d1f3bf;AMAZON;location_id
c272f7f3-c90a-428f-a6bd-71aa44eb153c;AMAZON;location_id
23de6e96-b745-4d82-8eb0-a846ab7d0f2e;EBAY;location_id
9f38a783-5637-4e6f-8646-cc914dd72e8c;EBAY;location_id
3a2bb7ad-b363-43c3-bac0-c84a4425e7ce;EBAY;location_id
2f06d2e0-1d32-4dd6-ac67-4e2b3fa51e70;EBAY;location_id
4ec1d804-5f20-4da2-b813-65f050c86f5b;AMAZON;location_id
ac5a4c05-d8ae-4da5-9604-39f1a1e3e57a;AMAZON;location_id
130d7c57-adbf-430b-ba66-d100bf816bc5;AMAZON;location_id
2c9b0545-47ae-4ab7-a968-4c285c65711d;AMAZON;location_id
ed888604-6a5a-4254-a6fe-d5cc4d30cba4;EBAY;location_id
75b57f7d-2e8f-4271-af9b-19ecff23239e;EBAY;location_id
28fb6bb0-64b9-400a-9d3c-aa77f02d0bce;AMAZON;location_id
995eb37b-44eb-4f77-88f4-2684a0658fc2;AMAZON;location_id
75b9badc-9193-4758-952f-b53adf0d83a9;AMAZON;location_id
178ca46c-5fb8-4cf5-8076-847002d54444;AMAZON;location_id
e430762b-3f4f-46b4-97f4-3bfdbd2088c5;EBAY;location_id
d2979389-6d3c-4415-99fa-81ea7cb6b143;EBAY;listing_price
ebbfe747-22f7-4d67-8817-358984d65e5d;EBAY;location_id
dd1ebfef-cb58-4b73-b117-0dd59180fb28;AMAZON;location_id
0b6a61af-eb03-4b32-98f9-d4c2f6108c4e;AMAZON;location_id
e9b789ae-b780-4696-b7f9-d9b53a6a749b;EBAY;location_id
07b1f9a9-5d7a-48a3-8945-92251ece50ba;AMAZON;location_id
15053e85-6d86-4b1c-8e21-d3c5b4ee9919;EBAY;location_id
b88fc7c6-4b79-4b72-a7b9-33873dbe3bff;EBAY;location_id
ca6a3be0-6046-4468-8282-435d2e9d7a71;EBAY;location_id
82158ded-f4b1-4d83-89a8-04e2a1ec7007;EBAY;location_id
d2866408-498f-437a-8c13-ad9776992368;AMAZON;location_id
b9cf9f1f-cb31-466a-b192-06dc73bb0864;AMAZON;location_id
4a7525f7-48c9-4a15-9c21-98875dd41fa9;AMAZON;listing_status
2e5b98ec-698c-4e91-917e-7bcb1f428f9b;AMAZON;location_id
160f8ae8-4f85-4a7a-8946-c293cfc14dfe;AMAZON;location_id
c8b2ac93-480e-4b40-ba6b-4a1fa36ce9ba;AMAZON;location_id
fe358901-79dd-4413-a4a9-da5a912900c5;EBAY;location_id
b1a80b21-aa2a-4189-bfb5-3ba9b41a7f90;EBAY;location_id
a7382749-5680-40c9-adee-ddbef422bffc;EBAY;location_id
8d2975d1-1002-4610-b9cd-abd0033e7c3b;AMAZON;location_id
cfc23173-d52b-4f48-b197-d6ff25eb3246;EBAY;location_id
b3ee2cec-8f31-4214-8c60-87d825fedd60;AMAZON;location_id
f2c02c3a-a8de-4aed-badb-134c05134134;AMAZON;location_id
9d0b0c8d-5df7-4699-bd00-be68ddad5730;EBAY;location_id
2097269b-0a1a-47c4-bbe3-5524a15f57c8;EBAY;location_id
9aa9b107-378a-4ee6-b056-bc371fffd77c;AMAZON;location_id
40a2d48c-32d7-4dc2-bcb4-f3a431317854;EBAY;location_id
15506f66-c891-4987-b214-6e2392e70544;AMAZON;location_id
4dc2e90f-9f42-4115-bb67-042453c22079;EBAY;location_id
77787c49-3fe5-4ac1-b9c3-d55573b74f41;EBAY;location_id
1a609f47-b313-40e1-80f0-4580c93174a9;EBAY;location_id
82f46c3f-5005-4e21-acfa-21643eab5ae7;EBAY;location_id
2d20f6cf-ca5f-402e-a7f7-9b7c951aa03b;EBAY;location_id
59cef4f0-ed8d-4b63-a05b-5aa693aff6c0;EBAY;location_id
2d894e73-09de-45a5-89f9-1968459d818b;EBAY;location_id
ab649a91-07ff-4ffe-878b-26ac8d708a23;EBAY;location_id
0857afd8-7394-45cb-817e-4792816de5e8;AMAZON;location_id
8486fa20-62c7-44ae-8678-4dad66ccc24a;EBAY;location_id
d2e65988-c0dc-4403-9ceb-acf33fdd5370;EBAY;location_id
d18c7986-cabd-4a62-ba07-107058733779;EBAY;location_id
3dc111be-11fb-4dee-8639-471db5ae9a3c;AMAZON;listing_price
f630f7e5-6479-4bf6-b07e-293e90d826c9;AMAZON;location_id
e09a2380-d9e9-4f4b-bcf3-e2e42cfd9d6e;EBAY;location_id
af85c057-9e33-4cd7-a49d-b730ed2a01f7;AMAZON;location_id
9d6deced-11c0-431d-ab0b-9c342d0bf305;EBAY;location_id
669ae58c-025a-4b36-bbb6-d13d08aa55da;AMAZON;location_id
a655e907-bcbc-4293-8c03-bc2ece0c559b;EBAY;location_id
3cafc846-ead1-418d-9f64-3c054d2326a4;AMAZON;location_id
36e9b22e-1fc5-4840-9d22-b63d38c597cb;AMAZON;location_id
7c676ce7-b824-40f5-b15a-49e1831f7671;AMAZON;location_id
d3b9cccc-76c3-4c17-9790-a4909fe490fb;EBAY;location_id
15ca8139-47a9-47d7-8ffd-98f1f37f712f;EBAY;location_id
8e032264-161d-4a91-a426-133038f492ad;AMAZON;location_id
af62a9c8-5843-44ad-ab47-5292b4454385;AMAZON;location_id
22b151fd-8d0f-44e9-bbe6-418375099a11;EBAY;location_id
e1f7e194-3bec-46b0-b2bf-91f3e21397d3;AMAZON;location_id
eb91e26b-f64f-4df3-a8aa-089477174a08;AMAZON;listing_status
d1b6f928-6548-41aa-a61a-01dce5cf7a6e;EBAY;location_id
82fd4f12-f722-4a20-9357-d592b4e7c54e;EBAY;location_id
119c926a-b0c2-4d34-8e58-11f73d728839;AMAZON;location_id
592b4c32-5de5-4047-9be6-f0a764397d5b;EBAY;location_id
aa41fd06-73f4-4086-9155-d8132f73d713;AMAZON;location_id
dabbcd48-63b5-4a10-ad49-aed00730c1e2;AMAZON;location_id
b5a8fd36-49e5-4b6d-8d4b-1b6b8334819b;EBAY;location_id
da8a0f88-17e4-4445-8afc-cbc602795e72;AMAZON;listing_status
607a0730-78ad-437c-8060-a2c2e352df2f;AMAZON;location_id
6b6a8c07-69e9-4fa7-b58d-a490d3e49dda;AMAZON;location_id
12124fed-526f-475c-9a20-7b0b33c3dc0b;AMAZON;location_id
cb11eef8-bd57-4886-8dc2-5a78b2d32d5c;AMAZON;location_id
489d90ae-c1a7-4434-b2f7-636d57bc5bac;AMAZON;location_id
b4eb8ced-4e25-4578-8281-7e22a74d5a16;AMAZON;location_id
7307ab7b-2f7f-456b-979f-b03f96b39112;EBAY;location_id
982cd8da-0e6c-428f-98fa-65f6fbaeb79c;EBAY;location_id
6220671d-bec7-4c64-a8b9-8e19f2f7abf9;EBAY;listing_price
0fee228a-7f22-491b-82c3-a0be6154dadf;AMAZON;location_id
04af9241-6d6c-47b9-b185-5c9437f5bad9;AMAZON;location_id
d383cdf1-afc1-4a72-bf66-a99495eacd3d;EBAY;location_id
b01b1d6d-2fe8-4957-bf4e-3d3dba1ae0a9;AMAZON;location_id
66746540-acad-4afe-a9c0-45b962084c7c;AMAZON;location_id
f092cbb9-3d5e-4bc2-b6fd-8baf43cf93c9;AMAZON;location_id
dc55959b-9bc9-4459-bbcb-89aad3e7e7a9;EBAY;location_id
4c6bb55a-91b1-426d-a0ee-6f602fcdd1c4;AMAZON;location_id
02bccd3c-256c-4e24-947b-d82e1d33d452;EBAY;location_id
8effeef3-edb5-47cf-a858-0d0424276526;AMAZON;location_id
41ce199c-ecb5-4c92-aea6-f18dcbf14ee5;AMAZON;location_id
bd095623-aa70-42e3-9725-c60ebdb5dd4e;AMAZON;location_id
b5365572-591e-42b2-a563-926e468e7d3e;AMAZON;location_id
dc641849-b68c-42d4-aa17-772c5e09d8bc;EBAY;location_id
8e64f9c5-b174-46e8-8fc0-60c4b5adffab;EBAY;location_id
56120506-4932-4d55-a53f-414a6ff84e84;AMAZON;location_id
eaa5ea9c-7ff2-4206-b727-61cbe88aa998;EBAY;location_id
0f2a0d3b-8ae6-4611-961c-2a69d67e620a;AMAZON;location_id
a3f31796-2a67-4ad9-8c80-a48e2479b662;AMAZON;location_id
7ce5973d-f446-4c09-898f-ffd02707d550;EBAY;location_id
4276e26a-7b14-49ca-b04d-6f0c0a3586b6;AMAZON;location_id
956104d1-bd52-4c50-9346-291812e0e7ee;EBAY;location_id
a4b9f3b1-c10b-418a-927d-b9697d58bbcc;AMAZON;location_id
ccb9c3b0-be4b-4a53-b3b0-7d662442f178;AMAZON;location_id
c91bc364-cb33-4645-abc8-bb7e9d774baa;AMAZON;location_id
afd1c9bd-fa5d-4bbb-9094-ade1e0640d8e;AMAZON;location_id
a8f6745c-92de-400d-ab73-f9eb12d04041;AMAZON;location_id
ead5c453-3bc6-44c3-9331-13a2952c97ef;AMAZON;location_id
ebb7b658-ee8d-4a7f-8bf9-9995885fe550;AMAZON;location_id
8ae8730a-cb22-45de-b022-89f867d2f934;EBAY;listing_status
489d90e5-3fe7-4ae9-801c-93b69a00ed44;EBAY;location_id
e3db8398-6095-4e62-ba74-931cd0fddc4b;EBAY;location_id
efdcd813-a83e-4db1-b1d5-c21b087d18c2;AMAZON;location_id
00bd90e6-24c9-499f-84f9-687144466be0;AMAZON;location_id
8f6e1403-1f56-4afc-b1c6-b5ac6d5cf19d;EBAY;location_id
0390ed00-3c53-427c-a907-458377b6936d;AMAZON;location_id
44a08942-e653-4dd7-86df-903e5bc9a321;EBAY;location_id
8b7388dd-7faa-4a6a-8475-1c8b715155de;AMAZON;location_id
5c7931bd-f270-40a5-b9be-02868b9b84a1;AMAZON;location_id
a97e6d7b-07bd-4052-9558-f938a6a65fa8;AMAZON;location_id
cc0d3c50-43ff-488f-9cc3-a4d8dc60deec;EBAY;location_id
871544a2-f75a-4226-8d00-51823a6efdee;EBAY;location_id
f62802c6-4a8d-4c90-a21c-7b40ad451e42;AMAZON;location_id
6870131c-52b0-46ad-8718-50be13d18c58;AMAZON;location_id
98a49f5b-8482-47b4-9f7c-55aaab5f32e2;EBAY;location_id
9f191970-fca0-4ef3-a45a-405151de41e4;EBAY;location_id
727c0670-14ec-467c-aac2-50a930752921;EBAY;location_id
2e9162f1-b215-407a-b906-74cae9e47a44;EBAY;location_id
fe1c3155-72fe-4732-a573-a65448e7cc72;EBAY;listing_price
d834a3dd-3860-40c5-8900-eadb79d711bf;AMAZON;location_id
f6ccd48e-2e3b-4fcf-8086-ad33aa07ab8c;AMAZON;location_id
b40092be-3e54-4499-aa93-4920f0e4c290;EBAY;location_id
4bc38013-4d1f-4ce4-a64a-286abb346267;EBAY;location_id
0303616a-4cd0-416f-bbc0-328bd69a2789;EBAY;location_id
f4e97b29-90dd-4526-9306-1f891904092c;EBAY;location_id
468d3362-811b-4b2b-859a-08f55d73eb87;AMAZON;location_id
b2186417-ab7b-4df5-be89-a1238732d086;AMAZON;location_id
96fe199f-6b28-4b14-956c-821cd0bfc710;EBAY;location_id
35871b99-f7bb-468b-b55c-046a475a4389;EBAY;location_id
f54496d2-9cc4-4306-bc07-bf924dc38edf;AMAZON;location_id
911c9bf9-7bcd-44d6-b512-d8fa2b40b071;EBAY;location_id
af7bc145-4411-4735-b237-9c6d4c7b8be4;AMAZON;location_id
78e8fcf4-7ef0-42fa-9105-3583412e01f4;EBAY;location_id
3bc3fcc5-6e45-4a23-a76a-d37c9a31dd58;AMAZON;location_id
29e4f843-122c-4753-bfa5-7490acf76b0c;AMAZON;location_id
68a2f8c4-d2ba-4144-b96a-abe9e03d9c21;EBAY;location_id
7b3e126f-6773-4729-b976-9ca574c8ecd4;AMAZON;location_id
c6cfdc11-9f95-4e37-b8c3-12bf9ecea1e0;AMAZON;location_id
d59f6273-0046-488d-a3d7-8f8d248b6319;AMAZON;location_id
56f6fba2-8070-4dbf-b09d-78789f770950;AMAZON;location_id
a9ca148c-bb6b-4e53-86dd-5f001d2fe4fe;EBAY;location_id
2c1b26c0-907d-4dec-ad38-90ba91d2d8e1;EBAY;location_id
5b0f2321-5c0d-496f-8f28-05094db436cb;AMAZON;location_id
73760563-41d5-4d61-88a1-3066e32f9941;EBAY;location_id
0df6f8cf-b08b-43ae-b817-6db1d398bc98;AMAZON;location_id
3ef21a86-699d-4d61-80d5-6c24108cc28d;EBAY;location_id
e1f108cf-f614-4a3d-a73a-efd208f9fcd3;EBAY;location_id
264cff30-3262-44c0-b8ce-4058a0f5ac10;EBAY;location_id
1a4d22d8-ac17-473d-956a-88f2e39089cb;EBAY;location_id
8eabd76c-3039-42d9-a363-63b7e533f355;AMAZON;location_id
f5a5844c-2182-48dd-a085-51fa100134c4;EBAY;location_id
2d85545e-06de-4920-8e56-55c4a3c9b320;AMAZON;location_id
1b1cfe95-de88-4ec6-9f03-166c08da7941;EBAY;location_id
85bcddfd-e432-4b46-b554-4078c100d647;AMAZON;location_id
50f5d374-1bab-41bd-9382-9940c5c1d645;EBAY;location_id
54cdc87f-11c7-4317-a675-ffb20dae6ac0;EBAY;location_id
ae64ab17-eee5-455f-bf5d-0eb6f7eafc15;EBAY;listing_status
4bcf228b-57a8-4c2e-820b-2ce99e1c9034;EBAY;listing_price
d113cfab-b060-4ee2-9bd4-a6c462d0788d;AMAZON;location_id
217e6bea-4da4-4c86-8a90-8a93d7d7cda1;EBAY;location_id
1e3b14b6-d653-478e-8bc5-ee1810c1c3e3;EBAY;location_id
2c8239d1-aa65-4f08-8594-1ff364188b6c;AMAZON;location_id
49151975-6248-4a57-8d6f-d7a3348ff366;AMAZON;location_id
a7361156-9cc0-47e4-b814-7fe95e2f3e8f;EBAY;location_id
27f715e5-f577-42fd-99db-e37f60fc0c08;AMAZON;location_id
2c9fad0c-1624-4930-84ae-24634764e460;EBAY;location_id
3b63d5c7-2cb4-4fc5-8e57-c9090ec9969c;AMAZON;location_id
613fc26e-d5ef-4247-8c8c-967b488e6467;EBAY;location_id
bf3302d6-8188-47fe-a041-bf9b8bfb365c;AMAZON;location_id
95ca9be4-9342-4461-b710-214e592e3917;EBAY;location_id
77e6c147-be40-4a13-be7a-8e2817bcfc9a;AMAZON;location_id
459fede1-dc81-421a-a7ae-0f9d48b2e0d3;AMAZON;location_id
5110702e-a149-4088-8a2d-4916f178e2f7;AMAZON;location_id
3fe18830-fc14-4ee9-9788-efd87d5b9da4;EBAY;location_id
bd8a4cae-66c5-405e-9fae-65a8a11f1d60;EBAY;location_id
4aefbdcd-0b3b-4bb8-901b-f6d573bf1ff1;EBAY;location_id
bf600d6f-3e16-4ac9-977f-1b740360efaf;EBAY;listing_price
6f9c46ed-a391-4196-894f-9f9543ea11a7;EBAY;location_id
3d4dfbbd-7af3-4c4b-92ab-ff0e50e3aa69;AMAZON;location_id
04955c72-f9ad-486b-87a3-58d474dcceca;EBAY;location_id
60b819c1-b58c-46e8-bed3-290e1e588ca5;EBAY;location_id
56496a5b-0228-4657-befd-af3b64bdad8e;EBAY;listing_price
4d6beeb7-3f0c-4ad9-92e8-39547705f112;EBAY;owner_email_address
f014c6c5-5758-406d-84fe-a49039efbcf7;EBAY;location_id
e3bafe94-0a74-4c88-bb37-1b3bb339ee54;EBAY;location_id
b87f3a40-9578-4600-b420-68dab21e2c81;AMAZON;location_id
39cc8e7e-42d8-491f-9cf1-a7cd932b3890;AMAZON;location_id
df8c9fdd-6e95-46c1-af63-660203a00359;AMAZON;listing_price
4798c65f-1005-4921-85cf-63236519480c;EBAY;location_id
59f2de15-ae27-4e79-9e31-7c771f1785ab;AMAZON;listing_status
5ac8bd0b-5049-4efb-8c9f-b8930e037b59;EBAY;location_id
222fc31d-3042-4860-9464-4419fcabc9a3;EBAY;location_id
55b0d7ba-0fce-42da-91df-d6b0a2e736f8;EBAY;location_id
9062636e-3390-44a7-9d04-0137ed1137ff;EBAY;location_id
2fbf3243-d11f-4e93-b022-dd00e933e667;EBAY;location_id
81f6ceef-5bf9-4da2-8163-ac29552c6068;AMAZON;location_id
263220c0-b856-4343-901e-55b26160f7b7;EBAY;location_id
f9f28f54-87c1-4d6a-acb4-450702a65a8f;AMAZON;location_id
ff8b776e-be38-4c62-a56b-5e011cf4f655;EBAY;location_id
d247ed70-2d25-4c47-9cd4-2c6018dd2e37;EBAY;location_id
86349b13-0644-472b-8e1e-57837840f573;EBAY;location_id
7eb24d62-db86-4c1d-80ba-84d3ea6b748a;AMAZON;listing_status
f58dbb1c-3a09-4b20-a9a7-5226a959e62e;AMAZON;location_id
fbabf8e2-7d45-4da3-889f-37ef86b8a922;AMAZON;location_id
3049eac0-3090-49b5-bd62-3f63dfae94ca;EBAY;location_id
8befbcd8-1c71-44a5-9b3d-0eaec73267fc;EBAY;location_id
c7b0bd05-53b0-4b39-8fbb-106d71898a36;AMAZON;location_id
51930932-efeb-49ad-9915-94af09f4cb64;EBAY;location_id
72d2dd61-292e-40e9-919b-1508ade2909f;AMAZON;location_id
7d62ec19-4c61-4632-ad03-b98be8aada4a;AMAZON;location_id
bcddd7c7-6946-4317-af59-9dc8de8160d3;AMAZON;location_id
0d34f577-586b-41b0-ba65-509425504007;AMAZON;owner_email_address
26f4354a-a18b-4b9f-ae27-3dd04ee2c613;EBAY;location_id
7c688f6e-5080-4cd0-b358-2bcfd86ea620;AMAZON;location_id
0fa70441-1e39-47a8-b7a2-726576bde246;AMAZON;location_id
4badec88-6d31-4719-ad9b-1d30ca87da7a;AMAZON;location_id
236c32ba-ec37-4f48-96bd-8a3f1269606d;EBAY;listing_price
ede61d7f-31fe-48d1-82f2-408e6f91c4d7;AMAZON;location_id
1f32198d-d347-4fb8-b987-b2b1fbd2f84e;EBAY;location_id
16e36d14-c50a-4690-852d-fd4dd9f91b1a;EBAY;location_id
62b9a57d-5939-4171-86e1-04aaad105902;AMAZON;location_id
b7d94362-e10f-4a61-9f87-89e793a5b3a1;AMAZON;location_id
cc8d01f3-adcd-4abe-8bb3-3b9a5ffd45d8;AMAZON;location_id
642c8f16-139f-4d2d-8964-93b25becd879;AMAZON;location_id
6e56d4e3-353d-4af1-a6e4-e5e0d9e6dc02;AMAZON;location_id
63a83ef2-5ca9-4ccd-8fc3-2378ed70498b;EBAY;location_id
da0640ef-1868-494a-817a-57e93a51b820;AMAZON;location_id
02d7358a-99dc-47cc-9b18-d2a04ee9b497;EBAY;location_id
478784cb-5e47-4951-9db4-3f1ba62e2f26;EBAY;location_id
ed0ec8ae-3c4c-42a9-b646-bcb8a5442dff;AMAZON;location_id
0f47423b-c4bd-4e37-bb01-daf212c226ab;EBAY;location_id
92b4401c-8112-46d1-8860-2900869ae8f1;AMAZON;location_id
a87efd16-3372-4080-8e4d-7f1dad9affd7;EBAY;location_id
65263c09-9d7c-4d72-96e5-1273d35a01c8;AMAZON;location_id
f9f0a1c9-2136-49f6-9f66-d9039d846810;EBAY;location_id
2a57a7bc-7eb6-4147-80d2-349d33b0b052;EBAY;location_id
da11ad80-07b3-462b-b618-c8ad2a59fad1;AMAZON;location_id
b31bc6da-9a5b-4cb7-85aa-1ae132de5a08;AMAZON;location_id
5ff299d5-bae6-446c-bf25-895f9543af31;EBAY;location_id
5e695a72-4e78-4992-ac1f-82b3069c86fa;EBAY;location_id
d50098ec-2504-4711-8d28-63b854cec40f;AMAZON;location_id
82473e1e-1054-4698-b0cc-51b9f3ee6d55;EBAY;location_id
1388001d-3cdb-4a6b-8e74-41344f9b7a28;EBAY;location_id
153f3c80-254a-4fbd-a6c6-a407444b31a5;EBAY;location_id
8e0f39ef-b2c1-462e-a5a8-11e12fbb32e6;EBAY;location_id
a4d757ec-b886-4e3a-a63e-f6b38ad5fd70;EBAY;location_id
1d40d603-2653-4ab8-a8e7-9db58e7bba4b;AMAZON;location_id
72227d21-c3db-44ae-a22c-12d5c0a22d41;AMAZON;location_id
dd2ed98b-3673-4175-8cd2-299de1930086;AMAZON;location_id
f7f56a55-f56f-4ffb-b6d0-94c9f1de4219;EBAY;location_id
fb82a79f-808b-4c8b-bf09-0c77bde34c70;AMAZON;location_id
2bddcd00-0270-48cf-ad94-bb3476a7563f;AMAZON;location_id
368fcb7e-0c78-4aaa-a7cb-d23ae0a8d1ef;EBAY;location_id
5e97f416-cebf-4b1e-8363-a19710ca5c4b;EBAY;location_id
5cc4689f-15ab-4a75-92ee-2a81c3a0adef;AMAZON;location_id
619e5dd3-21ed-4188-831f-11d0d95a43d2;AMAZON;location_id
bebea8c5-b443-46e5-8e82-268a74cbc28b;EBAY;location_id
d9f0a2f1-2e7b-4837-b9c3-97203eb09266;AMAZON;location_id
97cbbed0-0403-4b8b-9a02-44d87500522a;AMAZON;location_id
d9c7d66b-b7ee-4403-a6ea-bde89e3dc636;AMAZON;location_id
ea01fb12-0f5e-4482-b4ba-0d8983dcb749;AMAZON;location_id
46449d13-cfb4-4c7e-9751-f15f5239bac1;EBAY;location_id
32de85ea-deae-4f40-85cb-07777fcf7984;EBAY;location_id
f0da0f05-322b-4461-bd36-caf761318871;AMAZON;location_id
d9e6778e-feb0-4b88-9eab-d57ce74f2af5;AMAZON;location_id
d7c344ec-b178-4299-9cac-1a343d051a9e;EBAY;location_id
1a00f4d0-71e1-4adf-bc2e-e36bd23bc931;AMAZON;location_id
07b72e18-5359-4117-b6c0-c0bfff2ad6a0;AMAZON;location_id
60f116c3-b8ed-4313-afa3-81d5931703ab;EBAY;location_id
33f257d5-6aa1-46d1-b371-95a4852e804c;EBAY;location_id
3bc40cdd-f5c6-47cf-800b-334e732f01fe;AMAZON;location_id
4aa0a638-1a05-4ff0-a069-c584c0a1e939;AMAZON;location_id
63801827-7bb3-4992-84fc-31af45ead41e;EBAY;location_id
befc1762-00d3-420a-85eb-dae928e570c8;AMAZON;location_id
f58779dc-2fac-443b-8884-004355b2eedf;AMAZON;location_id
c12d7012-d731-4ce4-b1fc-70c6033e2119;AMAZON;location_id
d48873f6-4ba8-4003-9a21-391a295acddb;EBAY;location_id
f51379df-0354-4f3c-952d-bb5a6e810042;EBAY;location_id
acc8561d-e2d6-440c-a8d6-23b44d37fd4c;EBAY;location_id
ba063a5b-289a-40b8-9d97-795b04462c85;AMAZON;location_id
cb4f9bb4-2f2d-4a64-9b2f-0db60ffc87d8;AMAZON;location_id
02043f51-e5a6-4456-a4b2-faf09c664014;AMAZON;location_id
c0ea2e25-d149-4424-a071-27fe8debf774;EBAY;location_id
0c51c76a-620e-4a79-8eed-34b540d4c832;AMAZON;location_id
f0f59233-5a9d-49e2-b3eb-4ce82f2f8688;EBAY;listing_price
f19696c3-d719-463b-b135-5dbd789eeb88;EBAY;location_id
ca1c8c36-b4b5-48ca-84ca-fc06a157c9a2;AMAZON;location_id
